"Daily","ThreeDays","Weekly"
"浙江嵊州提前叫停“捡烟蒂换纸巾”：有人一天送来9100个","沈阳法库殡仪馆女子遗体被侮辱，嫌疑人22岁或涉案多起","沈阳法库殡仪馆女子遗体被侮辱，嫌疑人22岁或涉案多起"
"工人日报刊文评“唯一守规则的司机惨死”：应纠偏，体现正义","浙江嵊州提前叫停“捡烟蒂换纸巾”：有人一天送来9100个","温州男子撞死儿子获赔56万，法院：保险不保家人系无效条款"
"阿里巴巴宣布双11由24小时延至24天，加入大量娱乐元素","湖北一男子骑摩托车遭飞来塑料螺丝击中昏迷：颅骨被击穿","云南镇雄初三女生放学回家途中裸身死亡，警方悬赏3万缉凶"
"最大牌！里皮执教国足，恒大每年分担1550万欧元薪水？","广州17岁少女一次被取21颗卵，公安等多部门联合开展查处","成都双流机场一航班飞错离场程序：起飞后转错方向，立即更正"
"穆尔西终审被判20年有期徒刑，曾系埃及首位民选总统","河北初一学生拒为学长买午饭遭群殴，校长等3人被停职检查","浙江嵊州提前叫停“捡烟蒂换纸巾”：有人一天送来9100个"
"视频警醒｜湖南2岁女童遭碾压身亡，事发时家人正低头看手机","黄山纪委网上拍卖一批罚没酒，有茅台等名酒1元起价不保真伪","湖北一男子骑摩托车遭飞来塑料螺丝击中昏迷：颅骨被击穿"
"中甲上演最激烈结局！权健、贵州冲超，分红“80亿蛋糕”","阿里巴巴宣布双11由24小时延至24天，加入大量娱乐元素","西安机关食堂2元一盘菜有人剩半，高校食堂普遍“光盘”"
"小伙沈阳街头喝止偷窃被砍断手臂肌腱，寻找目击者","工人日报刊文评“唯一守规则的司机惨死”：应纠偏，体现正义","广州17岁少女一次被取21颗卵，公安等多部门联合开展查处"
"《永远在路上》⑤｜吕锡文内部价购入北京二环房产连要5套","《永远在路上》⑤｜吕锡文内部价购入北京二环房产连要5套","中央气象台今晨发布台风黄色预警：双台风一前一后向南海靠近"
"雷军给武汉大学捐99999999元建楼，为何不多捐1元","“拿走日本酒店马桶盖”当事人将提前回国，已向单位提出辞职","云南丽江千棵“树中大熊猫”红豆杉疑遭盗伐，警方称高度重视"
